{
    "value0": {
        "mPos": {
            "value0": {
                "value0": -0.048739083111286163,
                "value1": 1.4925254583358765,
                "value2": 1.5842489004135132,
                "value3": 1
            }
        },
        "mTgt": {
            "value0": {
                "value0": 0.066057942807674408,
                "value1": 1.4272996187210083,
                "value2": -0.29484438896179199,
                "value3": 1
            }
        },
        "mUp": {
            "value0": {
                "value0": 0.0090321805328130722,
                "value1": 0.99937629699707031,
                "value2": -0.034137915819883347,
                "value3": 0
            }
        },
        "mFovY": 0.78539818525314331,
        "mAspect": 1.3333333730697632,
        "mNearZ": 0.0010000000474974513,
        "mFarZ": 1000
    }
}