{
    "value0": {
        "mPointLights": {
            "value0": {
                "pos": {
                    "value0": 0,
                    "value1": 0,
                    "value2": 1,
                    "value3": 1
                },
                "clr": {
                    "value0": 0.18400001525878906,
                    "value1": 0.18400001525878906,
                    "value2": 0.18400001525878906,
                    "value3": 1
                },
                "enabled": true
            },
            "value1": {
                "pos": {
                    "value0": 0,
                    "value1": 1,
                    "value2": -1,
                    "value3": 1
                },
                "clr": {
                    "value0": 0.1120000034570694,
                    "value1": 0.1120000034570694,
                    "value2": 0.1120000034570694,
                    "value3": 1
                },
                "enabled": true
            },
            "value2": {
                "pos": {
                    "value0": 0,
                    "value1": 3,
                    "value2": 0,
                    "value3": 1
                },
                "clr": {
                    "value0": 0.057000003755092621,
                    "value1": 0.057000003755092621,
                    "value2": 0.057000003755092621,
                    "value3": 1
                },
                "enabled": true
            },
            "value3": {
                "pos": {
                    "value0": 0,
                    "value1": 0,
                    "value2": 0,
                    "value3": 0
                },
                "clr": {
                    "value0": 0,
                    "value1": 0,
                    "value2": 0,
                    "value3": 0
                },
                "enabled": false
            }
        },
        "mSH": {
            "mR": {
                "mSH": {
                    "value0": 1.4311553239822388,
                    "value1": -1.1200312376022339,
                    "value2": 0.48424786329269409,
                    "value3": 0.27141338586807251,
                    "value4": -0.2891039252281189,
                    "value5": -0.5796363353729248,
                    "value6": -0.36794754862785339,
                    "value7": 0.16639560461044312,
                    "value8": -0.78260189294815063
                }
            },
            "mG": {
                "mSH": {
                    "value0": 1.4695711135864258,
                    "value1": -1.2203395366668701,
                    "value2": 0.4916711151599884,
                    "value3": 0.28614127635955811,
                    "value4": -0.31375649571418762,
                    "value5": -0.58923381567001343,
                    "value6": -0.38483285903930664,
                    "value7": 0.1729036271572113,
                    "value8": -0.82542788982391357
                }
            },
            "mB": {
                "mSH": {
                    "value0": 1.541804313659668,
                    "value1": -1.4233723878860474,
                    "value2": 0.52123433351516724,
                    "value3": 0.29771363735198975,
                    "value4": -0.35702097415924072,
                    "value5": -0.60223019123077393,
                    "value6": -0.44343027472496033,
                    "value7": 0.19318416714668274,
                    "value8": -0.94708257913589478
                }
            }
        }
    }
}